name,domain,product
1901 Group,1901group.com,Jobvite
23andMe,23andme.com,Jobvite
7Park Data,7parkdata.com,Jobvite
A9,a9.com,Jobvite
Abila,abila.com,Jobvite
About.com,about.com,Jobvite
Accolite,accolite.com,Jobvite
Account Control Technology,accountcontrol.com,Jobvite
AccountingDepartment.com,accountingdepartment.com,Jobvite
ACL Services,acl.com,Jobvite
Acoustic Technologies,acoustictech.com,Jobvite
Acquirent,acquirent.com,Jobvite
Actian,actian.com,Jobvite
ActionX,actionx.com,Jobvite
Adagetechnologies,adagetechnologies.com,Jobvite
AdHarmonics,adharmonics.com,Jobvite
adMarketplace,admarketplace.com,Jobvite
AdvancePierre Foods,advancepierre.com,Jobvite
Age of Learning,ageoflearning.com,Jobvite
AGS,playags.com,Jobvite
Ahead,thinkahead.com,Jobvite
AirCell,aircell.com,Jobvite
AIR Worldwide,air-worldwide.com,Jobvite
AirXpanders,airxpanders.com,Jobvite
Aledade,aledade.com,Jobvite
Alexion Pharmaceuticals,alxn.com,Jobvite
AlienVault,alienvault.com,Jobvite
AliveCor,alivecor.com,Jobvite
AlixPartners,alixpartners.com,Jobvite
Allant,allantgroup.com,Jobvite
AllCountyJobs.com,allcountyjobs.com,Jobvite
Allegheny Clinic,ahn.org,Jobvite
Allegheny Science & Technology,alleghenyst.com,Jobvite
Amaya,amaya.com,Jobvite
American Traveler Staffing Professionals,americantraveler.com,Jobvite
American Wedding Group,americanweddinggroup.com,Jobvite
America's Job Exchange,americasjobexchange.com,Jobvite
Amobee,amobee.com,Jobvite
Anametrix,anametrix.com,Jobvite
Anatwine,anatwine.com,Jobvite
Andigital,andigital.com,Jobvite
Aofl,aofl.com,Jobvite
APCO Worldwide,apcoworldwide.com,Jobvite
A Place for Mom,aplaceformom.com,Jobvite
App Annie,appannie.com,Jobvite
Appcelerator,appcelerator.com,Jobvite
AppDynamics,appdynamics.com,Jobvite
AppFolio,appfolioinc.com,Jobvite
Appian,appian.com,Jobvite
Appirio,appirio.com,Jobvite
Applause,applause.com,Jobvite
AppNexus,appnexus.com,Jobvite
Apteligent,apteligent.com,Jobvite
Apttus,apttus.com,Jobvite
Aptushealth,aptushealth.com,Jobvite
ArborBridge Group,arborbridge.com,Jobvite
Arc Aspicio,arcaspicio.com,Jobvite
Argus Software,argussoftware.com,Jobvite
Armedia,armedia.com,Jobvite
Arnold Worldwide,arn.com,Jobvite
Arrayent,arrayent.com,Jobvite
Ask.com,ask.com,Jobvite
Aspera,asperasoft.com,Jobvite
ASSIA,assia-inc.com,Jobvite
Assoc.CareerNetwork,associationcareernetwork.com,Jobvite
Assured Information Security,ainfosec.com,Jobvite
Asure Software,asuresoftware.com,Jobvite
Atara Biotherapeutics,atarabio.com,Jobvite
Athos,liveathos.com,Jobvite
Atlas,atlas.co,Jobvite
Atlas RFID Solutions,atlasrfid.com,Jobvite
Atrium Windows and Doors,atrium.com,Jobvite
Auction.com,auction.com,Jobvite
Audience,audience.com,Jobvite
AutoAlert,autoalert.com,Jobvite
Avegant,avegant.com,Jobvite
AvePoint,avepoint.com,Jobvite
AvidXchange,avidxchange.com,Jobvite
Axcient,axcient.com,Jobvite
Ayasdi,ayasdi.com,Jobvite
Azzur,azzur.com,Jobvite
Azzur Group,azzurgroup.com,Jobvite
Badsender,badsender.com,Jobvite
Banfield Pet Hospital,banfield.com,Jobvite
Bankrate,bankrate.com,Jobvite
BBDO,bbdo.com,Jobvite
bbdoatl,bbdoatl.com,Jobvite
Belimed,belimed.com,Jobvite
Bella Pictures,bellapictures.com,Jobvite
Belle & Clive,belleandclive.com,Jobvite
BestIT,bestit.com,Jobvite
BetClic and Expekt,betclic.com,Jobvite
Big Ass Fans,bigasssolutions.com,Jobvite
Bigcommerce,bigcommerce.com,Jobvite
Big Fish Games,bigfishgames.com,Jobvite
Big Fuel,bigfuel.com,Jobvite
Bill.com,bill.com,Jobvite
Bina,bina.com,Jobvite
BioFire Diagnostics,biofiredx.com,Jobvite
Bioventus,bioventusglobal.com,Jobvite
BitTorrent,bittorrent.com,Jobvite
Bizinsure,bizinsure.com,Jobvite
BKF Engineers,bkf.com,Jobvite
Blackpixel,blackpixel.com,Jobvite
Blendtec,blendtec.com,Jobvite
Blinds.com,blinds.com,Jobvite
bluebird bio,bluebirdbio.com,Jobvite
Blue Buffalo,bluebuffalo.com,Jobvite
BlueCat,bluecatnetworks.com,Jobvite
Bluefly,bluefly.com,Jobvite
Blue Jeans Network,bluejeans.com,Jobvite
Blueport Commerce,blueport.com,Jobvite
Blueprint,blueprintsys.com,Jobvite
Blue Rooster,bluerooster.com,Jobvite
BlueTalon,bluetalon.com,Jobvite
BNOTIONS,bnotions.com,Jobvite
Bob's Stores,bobstores.com,Jobvite
Bodybuilding.com,bodybuilding.com,Jobvite
Boku,boku.com,Jobvite
Booster,booster.com,Jobvite
Boost Media,boostmedia.com,Jobvite
Brafton,brafton.com,Jobvite
Breaktime Studios,breaktimestudios.com,Jobvite
Bridge International Academies,bridgeinternationalacademies.com,Jobvite
Bridge Worldwide,possibleworldwide.com,Jobvite
Brightcove,brightcove.com,Jobvite
BrightEdge,brightedge.com,Jobvite
Bright Power,brightpower.com,Jobvite
BrightTALK,brighttalk.com,Jobvite
Britten,brittenbanners.com,Jobvite
Britten Studios,brittenstudios.com,Jobvite
Brooks Bell Interactive,brooksbell.com,Jobvite
Brown & Toland,brownandtoland.com,Jobvite
BSSP,bssp.com,Jobvite
BuildASign.com,buildasign.com,Jobvite
BuildDirect,builddirect.com,Jobvite
Builder Homesite,builderhomesite.com,Jobvite
BulkRegister,bulkregister.com,Jobvite
Bulldog Solutions,bulldogsolutions.com,Jobvite
Bulletproof,bulletproof.com,Jobvite
Bulletproof,bulletproofexec.com,Jobvite
BuzzTable,buzztable.com,Jobvite
C3 Energy,c3energy.com,Jobvite
CafePress,cafepressinc.com,Jobvite
CAKE,trycake.com,Jobvite
Campanja,campanja.com,Jobvite
CamSemi,camsemi.com,Jobvite
Capriza,capriza.com,Jobvite
Carbon Black (formerly Bit9),carbonblack.com,Jobvite
Carfax,carfax.com,Jobvite
Carney,teamcarney.com,Jobvite
Casale Media,casalemedia.com,Jobvite
Castlight Health,castlighthealth.com,Jobvite
Catalyze,catalyze.io,Jobvite
Catchpoint Systems,catchpoint.com,Jobvite
Cath Kidston,cathkidston.com,Jobvite
Causes,causes.com,Jobvite
Cavium,cavium.com,Jobvite
Ccgmag,ccgmag.com,Jobvite
Celator Pharmaceuticals,celatorpharma.com,Jobvite
Centro,centro.net,Jobvite
Century Communities,centurycommunities.com,Jobvite
Certain,certain.com,Jobvite
Certent,certent.com,Jobvite
ChannelAdvisor,channeladvisor.com,Jobvite
Channelinsight,channelinsight.com,Jobvite
Chef,chef.io,Jobvite
Chegg,chegg.com,Jobvite
Chiquita,chiquita.com,Jobvite
Chloe+Isabel,chloeandisabel.com,Jobvite
Chobani,chobani.com,Jobvite
ChoiceStream,choicestream.com,Jobvite
Chrome Industries,chromeindustries.com,Jobvite
CipherCloud,ciphercloud.com,Jobvite
CircleBack,circleback.com,Jobvite
Cirrity,cirrity.com,Jobvite
CirroSecure,cirrosecure.com,Jobvite
Cirrus Logic,cirrus.com,Jobvite
Cision,cision.com,Jobvite
Citydeal.de,citydeal.de,Jobvite
Clarient,clarientinc.com,Jobvite
Clark Nuber PS,clarknuber.com,Jobvite
ClearCube Consulting,clearcubeconsulting.com,Jobvite
Cleo,cleo.com,Jobvite
Cloud4Wi,cloud4wi.com,Jobvite
CloudCraze,cloudcraze.com,Jobvite
Cloudera,cloudera.com,Jobvite
Cloudian,cloudian.com,Jobvite
CloudPassage,cloudpassage.com,Jobvite
CloudSMTP,cloudsmtp.com,Jobvite
Cmg Bancorp,cmgmortgage.com,Jobvite
CMG Financial,cmgfi.com,Jobvite
Coalfire,coalfire.com,Jobvite
Codecrux,codecrux.com,Jobvite
Cogo Labs,cogolabs.com,Jobvite
CollabNet,collab.net,Jobvite
Collective,collective.com,Jobvite
Communispace,communispace.com,Jobvite
Compatible Partners,compatiblepartners.net,Jobvite
Concentrichx,concentrichx.com,Jobvite
Concept Plus,conceptplusllc.com,Jobvite
Confer Technologies,confer.net,Jobvite
Connexity,connexity.com,Jobvite
Consumer United,consumerunited.com,Jobvite
Contegix,contegix.com,Jobvite
ContentLEAD,contentlead.com,Jobvite
Continental Resources,clr.com,Jobvite
Continuum,continuuminnovation.com,Jobvite
Conviva,conviva.com,Jobvite
ConXtech,conxtech.com,Jobvite
Cooper Companies,coopercos.com,Jobvite
Cortina Systems,cortina-systems.com,Jobvite
Corvisa,corvisa.com,Jobvite
Cosmopolitan Magazine,cosmopolitan.com,Jobvite
CoTweet,cotweet.com,Jobvite
Couchbase,couchbase.com,Jobvite
Coupa Software,coupa.com,Jobvite
Coveo,coveo.com,Jobvite
Cox Target Media,coxtarget.com,Jobvite
CreditCards.com,creditcards.com,Jobvite
Credit Karma,creditkarma.com,Jobvite
Criteo,criteo.com,Jobvite
Crosscountry Mortgage,myccmortgage.com,Jobvite
CrowdFlower,crowdflower.com,Jobvite
Crowdstar,crowdstar.com,Jobvite
CrowdStrike,crowdstrike.com,Jobvite
CSID,csid.com,Jobvite
C Space,cspace.com,Jobvite
Curvature,curvature.com,Jobvite
CustomInk,customink.com,Jobvite
CVR Partners,cvrpartners.com,Jobvite
Cyanogen,cyngn.com,Jobvite
Cyvera,cyvera.com,Jobvite
Data Foundry,datafoundry.com,Jobvite
Datapipe,datapipe.com,Jobvite
DataPop,datapop.com,Jobvite
DataSift,datasift.com,Jobvite
DataSong Software,datasong.com,Jobvite
DataTorrent,datatorrent.com,Jobvite
Dave Ramsey,daveramsey.com,Jobvite
Dealstruck,dealstruck.com,Jobvite
Delivery Hero,deliveryhero.com,Jobvite
Demand Media,demandmedia.com,Jobvite
Detroitventurepartners,detroitventurepartners.com,Jobvite
DexOne,dexmedia.com,Jobvite
Dhingana,dhingana.com,Jobvite
DialogTech,dialogtech.com,Jobvite
Digiknow,digiknow.com,Jobvite
Digital Air Strike,digitalairstrike.com,Jobvite
Digital Reasoning,digitalreasoning.com,Jobvite
Digitalsmiths,digitalsmiths.com,Jobvite
Diligent,diligent.com,Jobvite
Directory509,directory509.com,Jobvite
DMV.ORG,dmv.org,Jobvite
DNN,dnnsoftware.com,Jobvite
Dogfish Head Craft Brewed Ales,dogfish.com,Jobvite
Dollar Shave Club,dollarshaveclub.com,Jobvite
Dotmenu,dotmenu.com,Jobvite
DoubleVerify,doubleverify.com,Jobvite
Drilling Info,drillinginfo.com,Jobvite
Dtex Systems,dtexsystems.com,Jobvite
Duncan Aviation,duncanaviation.aero,Jobvite
Dura Automotive,duraauto.com,Jobvite
Dynamic Healthcare Systems,dynamichealthsys.com,Jobvite
Dynamic Signal,dynamicsignal.com,Jobvite
Eastern Mountain Sports,ems.com,Jobvite
eBay Enterprise,ebayenterprise.com,Jobvite
Echelon,echelon.com,Jobvite
Echodyne,echodyne.com,Jobvite
Ecova,ecova.com,Jobvite
EdisonLearning,edisonlearning.com,Jobvite
Education Elements,edelements.com,Jobvite
Edufind,edufind.com,Jobvite
Eeanalytics,eeanalytics.com,Jobvite
EF Education First,ef.com,Jobvite
Eggers Industries,eggersindustries.com,Jobvite
eHarmony,eharmony.com,Jobvite
eHealth,ehealthinsurance.com,Jobvite
Eidosmontreal,eidosmontreal.com,Jobvite
Ekomi,ekomi-us.com,Jobvite
Electric Cloud,electric-cloud.com,Jobvite
Ellipse Technologies,ellipse-tech.com,Jobvite
Emmi Solutions,emmisolutions.com,Jobvite
Empyrean Benefit Solutions,goempyrean.com,Jobvite
Enablon,enablon.com,Jobvite
Endgame,endgame.com,Jobvite
EndoChoice,endochoice.com,Jobvite
Engineered Sintered Components Company,engsin.com,Jobvite
Engine Yard,engineyard.com,Jobvite
Enobia Pharma,enobia.com,Jobvite
eNom,enom.com,Jobvite
eNomCentral,enomcentral.com,Jobvite
Enphase Energy,enphaseenergy.com,Jobvite
Enroll America,enrollamerica.org,Jobvite
Ensighten,ensighten.com,Jobvite
Entrustenergy,entrustenergy.com,Jobvite
Envysion,envysion.com,Jobvite
Epizyme,epizyme.com,Jobvite
Ernest Packaging,ernestpackaging.com,Jobvite
Espares,espares.co.uk,Jobvite
Etsy,etsy.com,Jobvite
European Bartender School,bartenderskolan.com,Jobvite
EverFi,everfi.com,Jobvite
Everi,everi.com,Jobvite
EverQuote,everquote.com,Jobvite
Evident.io,evident.io,Jobvite
Evolent Health,evolenthealth.com,Jobvite
Exacttarget,exacttarget.com,Jobvite
eXelate,exelate.com,Jobvite
Expekt.com,expekt.com,Jobvite
Experticity,experticity.com,Jobvite
Expion,expion.com,Jobvite
ExtraHop Networks,extrahop.com,Jobvite
Extreme Networks,extremenetworks.com,Jobvite
Ezlinksgolf,ezlinksgolf.com,Jobvite
Federal Home Loan Bank of Chicago,fhlbc.com,Jobvite
Financial Engines,financialengines.com,Jobvite
FINEOS,fineos.com,Jobvite
FireMon,firemon.com,Jobvite
First Business Financial Services,firstbusiness.com,Jobvite
First Investors,firstinvestors.com,Jobvite
Flight Club,flightclub.com,Jobvite
FlightStats,static.flightstats.com,Jobvite
Flipboard,flipboard.com,Jobvite
foodpanda,foodpanda.com,Jobvite
Forensiq,forensiq.com,Jobvite
ForeScout,forescout.com,Jobvite
ForeSee,foresee.com,Jobvite
Foresters,foresters.com,Jobvite
Foresters Financial,forestersfinancial.com,Jobvite
Forest Lawn,forestlawn.com,Jobvite
Forgerock,forgerock.com,Jobvite
Forshay,forshay.com,Jobvite
FORUM Pharmaceuticals,forumpharma.com,Jobvite
Fraymangroup,fraymangroup.com,Jobvite
FreeConferenceCall.com,freeconferencecall.com,Jobvite
Freedomdebtrelief,freedomdebtrelief.com,Jobvite
Fresh Direct,freshdirect.com,Jobvite
Frontier Strategy Group,frontierstrategygroup.com,Jobvite
frtservices.com,frtservices.com,Jobvite
FTD Companies,ftdcompanies.com,Jobvite
Funding Circle,fundingcircle.com,Jobvite
Fusionalliance,fusionalliance.com,Jobvite
Fyber,fyber.com,Jobvite
Fyber,sponsorpay.com,Jobvite
Gamefly,gamefly.com,Jobvite
Garage Team Mazda,garageteammazda.com,Jobvite
GATX Corporation,gatx.com,Jobvite
Gazelle,gazelle.com,Jobvite
GE Healthcare,www3.gehealthcare.com,Jobvite
GenMark Diagnostics,genmarkdx.com,Jobvite
Geomagic,geomagic.com,Jobvite
Gerding Edlen,gerdingedlen.com,Jobvite
GetApp,getapp.com,Jobvite
Get Satisfaction,getsatisfaction.com,Jobvite
Giantagency,giantagency.com,Jobvite
Giganews,giganews.com,Jobvite
Gigya,gigya.com,Jobvite
GLG,glg.it,Jobvite
glispa,glispa.com,Jobvite
Global Cash Access,gcainc.com,Jobvite
Global Cash Access Holdings,globalcashaccess.com,Jobvite
Globys Inc,globys.com,Jobvite
GLY Construction,gly.com,Jobvite
GoDaddy,godaddy.com,Jobvite
Gogo,gogoair.com,Jobvite
Goji,goji.com,Jobvite
Golden Frog,goldenfrog.com,Jobvite
Gonzaga University,gonzaga.edu,Jobvite
Good Data,gooddata.com,Jobvite
GoodSearch,goodsearch.com,Jobvite
Gorkana,gorkana.com,Jobvite
GovLoop,govloop.com,Jobvite
GREE,gree-corp.com,Jobvite
GREE Games,gree.net,Jobvite
Greenbriar Nh,greystonehealth.com,Jobvite
Groupon,groupon.com,Jobvite
Groupon,groupon.gr,Jobvite
Groupon Espana,groupon.es,Jobvite
GrubHub,grubhub.com,Jobvite
Gsc 3d,gsc-3d.com,Jobvite
Guidance Software,guidancesoftware.com,Jobvite
Guidewire,guidewire.com,Jobvite
Gumi America,gumi-america.com,Jobvite
Gxsc,gxsc.com,Jobvite
Halogen Software,halogensoftware.com,Jobvite
HappyFresh,happyfresh.com,Jobvite
Harmonic,harmonicinc.com,Jobvite
Hassett Willis,hwcinc.com,Jobvite
Health Carousel,healthcarousel.com,Jobvite
Health eCareers,healthecareers.com,Jobvite
Healthmedx,healthmedx.com,Jobvite
HealthVerity,healthverity.com,Jobvite
HEAT Software,heatsoftware.com,Jobvite
HighPoint Global,highpointglobal.com,Jobvite
Highwire Public Relations,highwirepr.com,Jobvite
Hill Holliday,hhcc.com,Jobvite
HireLabs,hirelabs.com,Jobvite
Hobsons,hobsons.com,Jobvite
Hootly,hootly.io,Jobvite
Hotel Tonight,hoteltonight.com,Jobvite
HTC,htc.com,Jobvite
Hub Group,hubgroup.com,Jobvite
Hudson Pacific Properties,hudsonpacificproperties.com,Jobvite
Hult Business School,hult.edu,JobviteINFO: [AlienVault] Finding internships.

Human Solutions,humansolutionsinc.com,Jobvite
Hypercom,hypercom.com,Jobvite
hyperWALLET Systems,hyperwallet.com,Jobvite
i360,i-360.com,Jobvite
ICON Aircraft,iconaircraft.com,Jobvite
Idealab,idealab.com,Jobvite
Ideareboot,ideareboot.com,Jobvite
Ideel,ideel.com,Jobvite
Idtree,idtree.co,Jobvite
IFS,ifsworld.com,Jobvite
Ignyta,ignyta.com,Jobvite
Imperva,imperva.com,Jobvite
Impinj,impinj.com,Jobvite
Imprivata,imprivata.com,Jobvite
InContext Solutions,incontextsolutions.com,Jobvite
Infinera Corporation,infinera.com,Jobvite
Infoblox,infoblox.com,Jobvite
InfoReliance,inforeliance.com,Jobvite
InnerWorkings,inwk.com,Jobvite
INPHI,inphi.com,Jobvite
InsideSales.com,insidesales.com,Jobvite
Intacct,intacct.com,Jobvite
Integral Ad Science,integralads.com,Jobvite
Intelligent Reach,intelligentreach.com,Jobvite
Interactive Intelligence,inin.com,Jobvite
Intermolecular,intermolecular.com,Jobvite
Intuary,farfaria.com,Jobvite
Invisible Children,invisiblechildren.com,Jobvite
Irex,irex.org,Jobvite
iSpot.tv,ispot.tv,Jobvite
Itgfirm,itgfirm.com,Jobvite
IXL Learning,ixl.com,Jobvite
iZettle,izettle.com,Jobvite
J2 Global,j2global.com,Jobvite
Jazz Pharmaceuticals,jazzpharma.com,Jobvite
JCPenney,jcpenney.com,Jobvite
Jellyvision,jellyvision.com,Jobvite
Jennie-O,jennieo.com,Jobvite
Jibo,myjibo.com,Jobvite
Jive Software,jivesoftware.com,Jobvite
Jobrapido,jobrapido.com,Jobvite
Jobvite,jobvite.com,Jobvite
Journey,journey-inc.com,Jobvite
Judd Wire,juddwire.com,Jobvite
JUICE Mobile,juicemobile.com,Jobvite
Jumio,jumio.com,Jobvite
JumpstartMD,jumpstartmd.com,Jobvite
JustAnswer,justanswer.com,Jobvite
JustFab,justfab.com,Jobvite
JWT,jwt.com,Jobvite
JWT INSIDE,jwtinside.com,Jobvite
Kabam,kabam.com,Jobvite
Kateeva,kateeva.com,Jobvite
Khosla Ventures,khoslaventures.com,Jobvite
Kids II,kidsii.com,Jobvite
Kilopass,kilopass.com,Jobvite
Kink,kink.com,Jobvite
Kinnser Software,kinnser.com,Jobvite
Kinvey,kinvey.com,Jobvite
KIXEYE,kixeye.com,Jobvite
Knowles,knowles.com,Jobvite
Kobo,kobo.com,Jobvite
Kyowa Hakko Kirin California,kyowa-kirin.com,Jobvite
Laicos,laicos.com,Jobvite
Lands' End,landsend.com,Jobvite
Lasco Enterprises,lascoenterprises.com,Jobvite
latinworks,latinworks.com,Jobvite
Lattice Engines,lattice-engines.com,Jobvite
LaunchSquad,launchsquad.com,Jobvite
Lavastorm,lavastorm.com,Jobvite
Leads360,leads360.com,Jobvite
Leadspace,leadspace.com,Jobvite
Leapfrog Online,leapfrogonline.com,Jobvite
Leapset,leapset.com,Jobvite
Learn It Systems,learnitsystems.com,Jobvite
Lee Enterprises Incorporated,lee.net,Jobvite
Leeo,launch.leeo.com,Jobvite
Lekmer,lekmer.se,Jobvite
Lending Tree,lendingtree.com,Jobvite
Lexer,lexer.com.au,Jobvite
LifeNet Health,lifenethealth.org,Jobvite
Liferay,liferay.com,Jobvite
Lightreaction,lightreaction.com,Jobvite
Linden Lab,lindenlab.com,Jobvite
Link_A_ Media,link-a-media.com,Jobvite
LinkedIn,linkedin.com,JobviteINFO: [AlienVault] Finding internships.

Linqia,linqia.com,Jobvite
Lippincott,lippincott.com,Jobvite
Liquidagency,liquidagency.com,Jobvite
Liquid Robotics,liquidr.com,Jobvite
LiquidSpace,liquidspace.com,Jobvite
Lithium Technologies,lithium.com,Jobvite
LiveDrive,livedrive.com,Jobvite
LiveIntent,liveintent.com,Jobvite
LivingDirect,livingdirect.com,Jobvite
loanDepot,loandepot.com,Jobvite
Logic Monitor,logicmonitor.com,Jobvite
Logitech,logitech.com,Jobvite
Looker,looker.com,Jobvite
Lovesac,lovesac.com,Jobvite
Luminex Corporation,luminexcorp.com,Jobvite
Lunchbox,lbox.com,Jobvite
Luxury Retreats,luxuryretreats.com,Jobvite
Lynda.com,lynda.com,Jobvite
Lyons Consulting Group,lyonscg.com,Jobvite
Lytro,lytro.com,Jobvite
M5 Networks,shoretelsky.com,Jobvite
Maana,maana.io,Jobvite
macrovision.com,macrovision.com,Jobvite
Madrona Venture Group,madrona.com,Jobvite
Magenic,magenic.com,Jobvite
Magmalabs,magmalabs.io,Jobvite
MagnifyMoney,magnifymoney.com,Jobvite
Mahercomm,mahercomm.com,Jobvite
Managementevents,managementevents.com,Jobvite
Mangrove Software,mangrovesoftware.com,Jobvite
MapR,mapr.com,Jobvite
Maprtech,maprtech.com,Jobvite
Marbles: The Brain Store,marblesthebrainstore.com,Jobvite
Marin Software,marinsoftware.com,Jobvite
Marketo,marketo.com,Jobvite
MarketShare,marketshare.com,Jobvite
Match.com,match.com,Jobvite
Match MG,matchmg.com,Jobvite
Mattson Technology,mattson.com,Jobvite
Mavenlink,mavenlink.com,Jobvite
Max Borges Agency,maxborgesagency.com,Jobvite
McCarthy Building Companies,mccarthy.com,Jobvite
MCD Partners,mcdpartners.com,Jobvite
McKinney,mckinney.com,Jobvite
MEC,mecglobal.com,Jobvite
Medallia,medallia.com,Jobvite
Medialets,medialets.com,Jobvite
Medullan,medullan.com,Jobvite
Melinta Therapeutics,melinta.com,Jobvite
Merieuxnutrisciences,merieuxnutrisciences.com,Jobvite
MessageMedia,message-media.com,Jobvite
Meta Comm,meta-comm.com,Jobvite
MetaCommunications,metacommunications.com,Jobvite
Metric Theory,metrictheory.com,Jobvite
MetroStar Systems,metrostarsystems.com,Jobvite
Mezzetta,mezzetta.com,Jobvite
MGO,mgocpa.com,Jobvite
Michigan Blood,miblood.org,Jobvite
Microsemi Corporation,microsemi.com,Jobvite
Mikam Graphics,mikam.com,Jobvite
Millennium Pharmacy Systems,mpsrx.com,Jobvite
Mimeo,mimeo.com,Jobvite
MINDBODY,mindbodyonline.com,Jobvite
Mindshare,mindshareworld.com,Jobvite
Miniclip,miniclip.com,Jobvite
Minted,minted.com,Jobvite
Miramax,miramax.com,Jobvite
Mirna Therapeutics,mirnatherapeutics.com,Jobvite
Mixpo,mixpo.com,Jobvite
Mobilitie,mobilitie.com,Jobvite
Mode,mode.com,Jobvite
Model N,modeln.com,Jobvite
Mogl,mogl.com,Jobvite
Monashees+,monashees.com.br,Jobvite
Money Crashers,moneycrashers.com,Jobvite
MoneyDesktop,moneydesktop.com,Jobvite
Monster,monster.com,Jobvite
Monsterboard,monsterboard.com,Jobvite
MontaVista Software,mvista.com,Jobvite
Montway Auto Transport,montway.com,Jobvite
Morta Security,mortasecurity.com,Jobvite
Mortgage Master,mortgagemaster.com,Jobvite
Motley Fool,fool.com,Jobvite
Movago,movago.com,Jobvite
Moxie Software,gomoxie.com,Jobvite
Mozu,mozu.com,Jobvite
MTM Technologies,mtm.com,Jobvite
MuleSoft,mulesoft.com,Jobvite
Mutual Fund Store,mutualfundstore.com,Jobvite
MX,mx.com,Jobvite
Myseiubenefits,myseiubenefits.org,Jobvite
N3TWORK,n3twork.com,Jobvite
Nanigans,nanigans.com,Jobvite
Napster,napster.com,Jobvite
Narrative Science,narrativescience.com,Jobvite
Nasty Gal,nastygal.com,Jobvite
National Debt Relief,nationaldebtrelief.com,Jobvite
Natixis,natixis.com,Jobvite
NaturalMotion,naturalmotion.com,Jobvite
Nelly.com,nelly.com,Jobvite
NeoGenomics Laboratories,neogenomics.com,Jobvite
Neomobile,neomobile.com,Jobvite
NeoPhotonics,neophotonics.com,Jobvite
NetBase Solutions,netbase.com,Jobvite
Netdebt,netdebt.com,Jobvite
NetLine,netline.com,Jobvite
NetMotion Wireless,netmotionwireless.com,Jobvite
Netsertive,netsertive.com,Jobvite
Network Hardware Resale,networkhardware.com,Jobvite
New Matter,newmatter.com,Jobvite
New Relic,newrelic.com,Jobvite
Nexon M,nexonm.com,Jobvite
Next Avenue,nextavenue.org,JobviteINFO: [AlienVault] Finding internships.

Nlight,nlight.net,Jobvite
NMR Consulting,nmrconsulting.com,Jobvite
NNG,nng.com,Jobvite
Noble House Hotels & Resorts,noblehousehotels.com,Jobvite
Nodeable,nodeable.com,Jobvite
Nok Nok Labs,noknok.com,Jobvite
Nortek,nortek.com,Jobvite
Northcentral U,ncu.edu,Jobvite
Northwest Center,nwcenter.org,Jobvite
Novinium,novinium.com,Jobvite
Novus,novus.com,Jobvite
NPD Group,npd.com,Jobvite
Ntirety,ntirety.com,Jobvite
Nucivic,nucivic.com,Jobvite
NuScale Power,nuscalepower.com,Jobvite
Nutanix,nutanix.com,Jobvite
Nutiva,nutiva.com,Jobvite
NY Botanical Garden,nybg.org,Jobvite
Okta,okta.com,Jobvite
O'Leary and Partners,olearyandpartners.com,Jobvite
Oligasis,oligasis.com,Jobvite
ON24,on24.com,Jobvite
onefinestay,onefinestay.com,Jobvite
One Kings Lane,onekingslane.com,Jobvite
Online Buddies,online-buddies.com,Jobvite
Ooyala,ooyala.com,Jobvite
OpDemand,opdemand.com,Jobvite
Openmarket,openmarket.com,Jobvite
Opentable,restaurant.opentable.com,Jobvite
OpenTable,opentable.com,Jobvite
Opsview,opsview.com,Jobvite
Optimist,optimistinc.com,Jobvite
Optimum Energy,optimumenergyco.com,Jobvite
Orchard App,orchard-app.com,Jobvite
Orchard Platform,orchardplatform.com,Jobvite
O'Reilly,oreilly.com,Jobvite
Orthology,orthology.com,Jobvite
Oxfam America,oxfamamerica.org,Jobvite
Pac-12,pac-12.com,Jobvite
Pactiv,pactiv.com,Jobvite
Padcom,padcomusa.com,Jobvite
Palo Alto Networks,paloaltonetworks.com,Jobvite
Panasas,panasas.com,Jobvite
PAN Communications,pancommunications.com,Jobvite
Pandora,pandora.com,Jobvite
Pangea Properties,pangeaproperties.com,Jobvite
Pangea Properties,pangeare.com,Jobvite
ParkMe,parkme.com,Jobvite
Partners In Health,pih.org,Jobvite
Peach New Media,peachnewmedia.com,Jobvite
Peanut Labs,peanutlabs.com,Jobvite
Pearl.com,pearl.com,Jobvite
Peloton,pelotongroup.com,Jobvite
Pepperdata,pepperdata.com,Jobvite
PercUS on Software,percussion.com,Jobvite
Pereira & O'Dell,pereiraodell.com,Jobvite
PernixData,pernixdata.com,Jobvite
Phononic,phononic.com,Jobvite
Phreesia,phreesia.com,Jobvite
Phunware,phunware.com,Jobvite
Physicians Interactive,physiciansinteractive.com,Jobvite
Pinger,pinger.com,Jobvite
PitchBook Data,pitchbook.com,Jobvite
Pivotal Labs,pivotallabs.com,Jobvite
Pivotal Tracker,pivotaltracker.com,Jobvite
Pixelligent,pixelligent.com,Jobvite
PlaceIQ,placeiq.com,Jobvite
PlayFirst,playfirst.com,Jobvite
PLAYSTUDIOS,playstudios.com,Jobvite
Pointroll,pointroll.com,Jobvite
Popagency,popagency.com,Jobvite
Portal Instruments,portalinstruments.com,Jobvite
Posportal,posportal.com,Jobvite
Possible Worldwide,possible.com,Jobvite
Power,power.com,Jobvite
Powered,dachisgroup.com,Jobvite
Power Integrations,powerint.com,Jobvite
PowerLinks Media,powerlinks.com,Jobvite
Powersteering Software,powersteeringsoftware.com,Jobvite
Praxis Engineering Technologies,praxiseng.com,Jobvite
Prenova,prenova.com,Jobvite
PresenceLearning,presencelearning.com,Jobvite
Primary Data,primarydata.com,Jobvite
Primitive Logic,primitivelogic.com,Jobvite
Princess Donna,publicdisgrace.com,Jobvite
Pro.com,pro.com,Jobvite
Progress Software,progress.com,Jobvite
Propellerheads,propellerheads.se,Jobvite
PropertyBridge,propertybridge.com,Jobvite
PSI,psi.org,Jobvite
PubNative,pubnative.net,Jobvite
Punchcard,punchcard.com,Jobvite
Punchkick Interactive,punchkickinteractive.com,Jobvite
Q2ebanking,q2ebanking.com,Jobvite
Qeexo,qeexo.com,Jobvite
Qlik,qlik.com,Jobvite
Qstream,qstream.com,Jobvite
Qualys,qualys.com,Jobvite
Quandoo,quandoo.com,Jobvite
Quantlab,quantlab.com,Jobvite
Quantum,quantum.com,Jobvite
Quick Solutions,quicksolutions.com,Jobvite
QuinStreet,quinstreet.com,Jobvite
Quixey,quixey.com,Jobvite
Quotient Technology,quotient.com,Jobvite
Radisys,radisys.com,Jobvite
Rational Group,rationalgroup.com,Jobvite
RAVN,ravn.com,Jobvite
Rdio,rdio.com,Jobvite
ReadyTalk,readytalk.com,Jobvite
Real Networks,realnetworks.com,Jobvite
RealTruck,realtruck.com,Jobvite
Recurrent Energy,recurrentenergy.com,Jobvite
RedBalloon,redballoon.com.au,Jobvite
Red Frog Events,redfrogevents.com,Jobvite
Rehmann,rehmann.com,Jobvite
RelayFoods,relayfoods.com,Jobvite
ReleaseWire,releasewire.com,Jobvite
Remedy Partners,remedypartners.com,Jobvite
Remoteok,remoteok.io,Jobvite
Renew Financial,renewfinancial.com,Jobvite
Renovate America,renovateamerica.com,Jobvite
Rentech Nitrogen Partners L.P,rentechnitrogen.com,Jobvite
Research Now,researchnow.com,Jobvite
Resolver,resolver.com,Jobvite
Resolver,resolvergrc.com,Jobvite
Resonate,resonate.com,Jobvite
ResponseTek,responsetek.com,Jobvite
RetailNext,retailnext.net,Jobvite
Retroficiency,retroficiency.com,Jobvite
Return Path,returnpath.com,Jobvite
Revision Military,revisionmilitary.com,Jobvite
Rexford Industrial Realty,rexfordindustrial.com,Jobvite
RGA,rga.com,Jobvite
Rhapsody,rhapsody.com,Jobvite
RichFX,richfx.com,Jobvite
RichRelevance,richrelevance.com,Jobvite
Rightside,rightside.co,Jobvite
RingCentral,ringcentral.com,Jobvite
Risk Focus,riskfocus.com,Jobvite
Riverwood Solutions,rwsops.com,Jobvite
RJS Software Systems,rjssoftware.com,Jobvite
RMS,rms.com,Jobvite
Robot,helpsystems.com,Jobvite
Rocket Fuel,rocketfuel.com,Jobvite
RocketPlay,rocketplay.com,Jobvite
Rockstar Games,rockstargames.com,Jobvite
Roku,roku.com,Jobvite
Roomtag,roomtag.com,Jobvite
Rosetta Stone,rosettastone.com,Jobvite
Roundabout,roundabout.io,Jobvite
RPX,rpxcorp.com,Jobvite
R&R Partners,rrpartners.com,Jobvite
Ruckus Wireless,ruckuswireless.com,Jobvite
S2 Games,s2games.com,Jobvite
Saama Technologies,saama.com,Jobvite
Safari Books Online,safaribooksonline.com,Jobvite
Salesforce,salesforce.com,Jobvite
Salsa Labs,salsalabs.com,Jobvite
Samsung Accelerator,samsungaccelerator.com,Jobvite
SANS Institute,sans.org,Jobvite
Sauce Labs,saucelabs.com,Jobvite
Savi,savi.com,Jobvite
Savoo,savoo.co.uk,Jobvite
Sazze,sazze.com,Jobvite
Sbmoffshore,sbmoffshore.com,Jobvite
Scaled Agile,scaledagile.com,Jobvite
Schmidt Printing,schmidt.com,Jobvite
Scopely,scopely.com,Jobvite
SD Humane Society,sdhumane.org,Jobvite
Secure-24,secure-24.com,Jobvite
Seedbox,seedbox.com,Jobvite
SEGA Holdings,sega.com,Jobvite
SEI,sei.com,Jobvite
SEI-Atlanta,sysev.com,Jobvite
Seip Electric,seipusa.com,Jobvite
Seiservice,seiservice.com,Jobvite
Seismic Software,seismic.com,Jobvite
SEJ,sej.org,Jobvite
Sensus Metering Systems,sensus.com,Jobvite
Sentient Technologies,sentient.ai,Jobvite
Sermo,sermo.com,Jobvite
ServiceNow,servicenow.com,Jobvite
ServiceRocket,servicerocket.com,Jobvite
Servicescout,servicescout.com,Jobvite
ServiceTitan,servicetitan.com,Jobvite
Shaker,atshaker.com,Jobvite
ShareThis,sharethis.com,Jobvite
Sharethrough,sharethrough.com,Jobvite
shoes.com,shoes.com,Jobvite
ShopperLocal,shopperlocal.com,Jobvite
ShopRunner,shoprunner.com,Jobvite
Shopzilla,shopzilla.com,Jobvite
Shorelight Education,shorelight.com,Jobvite
ShoreTel,shoretel.com,Jobvite
Silicon Armada,siliconarmada.com,Jobvite
Silliker,silliker.com,Jobvite
Silver Peak,silver-peak.com,Jobvite
SIM Partners,simpartners.com,Jobvite
Sitecore,sitecore.net,Jobvite
SiteSpect,sitespect.com,Jobvite
SITO Mobile,sitomobile.com,Jobvite
Sizmek,sizmek.com,Jobvite
Skava,skava.com,Jobvite
SK hynix memory solutions,skhms.com,Jobvite
Skillcrush,skillcrush.com,Jobvite
SkipTheDishes,skipthedishes.com,Jobvite
Skout,skout.com,Jobvite
Skullcandy,skullcandy.com,Jobvite
Skyhook Wireless,skyhookwireless.com,Jobvite
Skytap,skytap.com,Jobvite
Small Town Brewery,smalltownbrewery.com,Jobvite
Smarsh,smarsh.com,Jobvite
SmartThings,smartthings.com,Jobvite
SmartWatt Energy,smartwattinc.com,Jobvite
SM Energy,sm-energy.com,Jobvite
SM Energy Company,stmaryland.com,Jobvite
Smiley Media,smileymedia.com,Jobvite
SmithBucklin,smithbucklin.com,Jobvite
Society for Industrial and Applied Mathematics,siam.org,Jobvite
SoCore Energy,socoreenergy.com,Jobvite
Socrata,socrata.com,Jobvite
SoFi,sofi.com,Jobvite
Sofort,sofort.com,Jobvite
Softcat,softcat.com,Jobvite
SolutionsIQ,solutionsiq.com,Jobvite
SoundCloud,soundcloud.com,Jobvite
SoundHound,soundhound.com,Jobvite
Soundtrap,soundtrap.com,Jobvite
Sourcebooks,sourcebooks.com,Jobvite
Sourcepoint,sourcepoint.com,Jobvite
sovrn Holdings,sovrn.com,Jobvite
Space-Time Insight,spacetimeinsight.com,Jobvite
SpaceX,spacex.com,Jobvite
Sparkpost,sparkpost.com,Jobvite
Spectragenics,spectragenics.com,Jobvite
Spectralink,spectralink.com,Jobvite
Spiraledge Inc,spiraledge.com,Jobvite
Spireon,spireon.com,Jobvite
Spok,spok.com,Jobvite
Sport Chalet,sportchalet.com,Jobvite
Sports Interactive,sigames.com,Jobvite
Spot Freight Inc,spotmyfreight.com,Jobvite
Spotify,spotify.com,Jobvite
Sprinklr,sprinklr.com,Jobvite
SQLServerMag,sqlmag.com,Jobvite
SS8,ss8.com,Jobvite
SSENSE,ssense.com,Jobvite
Starbucks Coffee,starbucks.com,Jobvite
STARTUS,startus.cc,Jobvite
Steven Alan,stevenalan.com,Jobvite
Stion,stion.com,Jobvite
Stream,getstream.io,Jobvite
StreetEasy,streeteasy.com,Jobvite
Striim,striim.com,Jobvite
Stroz Friedberg,strozfriedberg.com,Jobvite
Sumiden Wire Products Corporation,sumidenwire.com,Jobvite
Sumitomo Electric Industries,global-sei.com,Jobvite
Summitfunding,summitfunding.net,Jobvite
Sumter Electric Cooperative,secoenergy.com,Jobvite
Sungevity,sungevity.com,Jobvite
SunLink,sunlink.com,Jobvite
Superior Mfg.GroupNoTrax,notrax.com,Jobvite
Supplemental Health Care,supplementalhealthcare.com,Jobvite
SwimOutlet.com,swimoutlet.com,Jobvite
SyCara Local,sycaralocal.com,Jobvite
Symbilityintersect,symbilityintersect.com,Jobvite
Symbility Solutions,symbilitysolutions.com,Jobvite
Synageva BioPharma,synageva.com,Jobvite
Synergybis,synergybis.com,Jobvite
Sysomos,sysomos.com,Jobvite
T-3,t-3.com,Jobvite
TakeLessons,takelessons.com,Jobvite
TastyKhana,tastykhana.in,Jobvite
Taxi,taxi.ca,Jobvite
Taylor Corporation,taylorcorp.com,Jobvite
TEAM enterprises,teamenterprises.com,Jobvite
TeamViewer,teamviewer.com,Jobvite
TED,ted.com,Jobvite
Telemedicine Clinic,telemedicineclinic.com,Jobvite
Telenav,telenav.com,Jobvite
TeleSign,telesign.com,Jobvite
Telltale,telltale.com,Jobvite
Telltale Games,telltalegames.com,Jobvite
Tenable Network Security,tenable.com,Jobvite
Tendril,tendrilinc.com,Jobvite
Tenrox,tenrox.com,Jobvite
Tessera,tessera.com,Jobvite
testhub,testhub.com,Jobvite
The Austin Company,theaustin.com,Jobvite
Thegappartnership,thegappartnership.com,Jobvite
The Ironside Group,ironsidegroup.com,Jobvite
The Mars Agency,themarsagency.com,Jobvite
Themxgroup,themxgroup.com,Jobvite
The Nerdery,nerdery.com,Jobvite
The Shipyard,theshipyard.com,Jobvite
The Spectranetics Corporation,spectranetics.com,Jobvite
Thetus,thetus.com,Jobvite
ThinkNear,thinknear.com,Jobvite
Thinkwrap,thinkwrap.com,Jobvite
ThreatTrack Security,threattracksecurity.com,Jobvite
Tillster,tillster.com,Jobvite
Tintri,tintri.com,Jobvite
TiVo,tivo.com,Jobvite
TiVo Research,tivoresearch.com,Jobvite
TMZ,tmz.com,Jobvite
Toast,toasttab.com,Jobvite
Tokbox,tokbox.com,Jobvite
Top Hat,tophat.com,Jobvite
Total Attorneys,totalattorneys.com,Jobvite
Touch Of Modern,touchofmodern.com,Jobvite
TP-LINK,tp-link.com,Jobvite
Tria Beauty,triabeauty.com,Jobvite
Trusourcelabs,trusourcelabs.com,Jobvite
Trustlook,trustlook.com,Jobvite
TS Seduction,tsseduction.com,Jobvite
Tucows,tucows.com,Jobvite
Turnitin,turnitin.com,Jobvite
Twitter,twitter.com,Jobvite
Uberflip,uberflip.com,Jobvite
ui-check.com,ui-check.com,Jobvite
Ullink,ullink.com,Jobvite
Undertone,undertone.com,Jobvite
Unity Technologies,unity3d.com,Jobvite
UniversityNow,unow.com,Jobvite
University of California Berkeley,berkeley.edu,Jobvite
University of Oregon,uoregon.edu,Jobvite
Upland Software,uplandsoftware.com,Jobvite
Upsight,upsight.com,Jobvite
Upwork,upwork.com,Jobvite
UserEvents,cxengage.com,Jobvite
Userzoom,userzoom.co.uk,Jobvite
Ustream,ustream.tv,Jobvite
Utilx Corp,utilx.com,Jobvite
Valence Health,valencehealth.com,Jobvite
Valpak,valpak.com,Jobvite
Van Darkholme,boundgods.com,Jobvite
Vantage PR,vantagepr.com,Jobvite
Varick Media Management,varickmm.com,Jobvite
Varonis Systems,varonis.com,Jobvite
Vectron International,vectron.com,Jobvite
Veeva Systems,veeva.com,Jobvite
Velocify,velocify.com,Jobvite
Venture Solutions,venturesolutions.com,Jobvite
Vera Whole Health,verawholehealth.com,Jobvite
Verdeeco,verdeeco.com,Jobvite
Verifone,verifone.com,Jobvite
Vertical Response,verticalresponse.com,Jobvite
Veterans United Home Loans,veteransunited.com,Jobvite
Viant,viantinc.com,Jobvite
Virgin Pulse,virginpulse.com,Jobvite
Virtela Technology Services,virtela.net,Jobvite
Viscira,viscira.com,Jobvite
VisionWaves,visionwaves.com,Jobvite
Visual Meta,visual-meta.com,Jobvite
VIZ Media,viz.com,Jobvite
VMware,vmware.com,Jobvite
Volusion,volusion.com,Jobvite
Vulcan,vulcan.com,Jobvite
Vyopta,vyopta.com,Jobvite
W2O Group,w2ogroup.com,Jobvite
Wallaby Financial,walla.by,Jobvite
Wargaming,wargaming.com,Jobvite
Warrior Dash,warriordash.com,Jobvite
WaterSmart Software,watersmart.com,Jobvite
Wearepop,wearepop.com,Jobvite
WebAction,webaction.com,Jobvite
Web Summit,websummit.net,Jobvite
WellAware Holdings,wellaware.us,Jobvite
West Health,westhealth.org,Jobvite
Weston Solutions,westonsolutions.com,Jobvite
WhiteHat Security,whitehatsec.com,Jobvite
Whoshiring,whoshiring.me,Jobvite
WillowTree Apps,willowtreeapps.com,Jobvite
Windsor Circle,windsorcircle.com,Jobvite
Winton Capital Management,wintoncapital.com,Jobvite
WNYC Radio,wnyc.org,Jobvite
Woodruff-Sawyer & Co.,wsandco.com,Jobvite
Wooga,wooga.com,Jobvite
World First,worldfirst.com,Jobvite
Xaxis,xaxis.com,Jobvite
Xero,xero.com,Jobvite
Xgility,xgility.com,Jobvite
Xiant,xiant.com,Jobvite
XL Construction,xlconstruction.com,Jobvite
Xoom,xoom.com,Jobvite
Xperiencelab,xperiencelab.com,Jobvite
YapStone,yapstone.com,Jobvite
YeahMobi,yeahmobi.com,Jobvite
Yesler,yesler.com,Jobvite
Yieldbot,yieldbot.com,Jobvite
Yodlee,yodlee.com,Jobvite
YottaMark,yottamark.com,Jobvite
YuMe,yume.com,Jobvite
Zando,zando.co.za,Jobvite
Zappos,zappos.com,Jobvite
Zazzle,zazzle.com,Jobvite
Zendesk,zendesk.com,Jobvite
Zeno Group,zenogroup.com,Jobvite
Zepp Labs,zepp.com,Jobvite
Zerto,zerto.com,Jobvite
ZestFinance,zestfinance.com,Jobvite
Zeta Interactive,zetainteractive.com,Jobvite
Zignal Labs,zignallabs.com,Jobvite
Zinc Ahead,zinc-ahead.com,Jobvite
Zipnosis,zipnosis.com,Jobvite
Zoosk,zoosk.com,Jobvite
Zopim,zopim.com,Jobvite
zulily,zulily.com,Jobvite
Zuora,zuora.com,Jobvite
Zynga,zynga.com,Jobvite